invoice_id,customer_name,invoice_date,due_date,amount,currency,description
INV-2024-00083,Holly Wood,2026-07-14,2026-08-28,6112.0,USD,Implement seamless technologies
INV-2024-00053,Stephen Potter,2026-03-27,2026-05-11,8855.09,USD,Orchestrate user-centric channels
INV-2024-00070,Randy Brown,2026-04-07,2026-06-06,9252.76,USD,Morph robust platforms
INV-2024-00045,"Jones, Reid and Ferguson",2026-05-18,2026-07-17,3037.87,USD,Whiteboard back-end mindshare
INV-2024-00044,Emily Rios,2025-11-14,2025-12-14,6397.47,USD,Unleash cross-platform e-tailers
INV-2024-00039,Bobby Hall,2026-07-04,2026-09-02,1182.93,USD,Visualize value-added web services
INV-2024-00022,Terri Frazier,2026-04-06,2026-06-05,1374.72,USD,Extend leading-edge vortals
INV-2024-00080,Lam-Hayes,2025-10-13,2025-11-12,2156.63,USD,Aggregate next-generation web services
INV-2024-00010,Allison Hill,2025-11-29,2025-12-14,6739.1,USD,Aggregate dynamic users
INV-2024-00000,Bobby Hall,2026-05-26,2026-06-10,859.43,USD,Whiteboard leading-edge e-services
INV-2024-00018,Wilkerson-Day,2026-01-19,2026-03-20,8213.26,USD,Implement integrated portals
INV-2024-00030,Allison Hill,2025-11-12,2026-01-11,2556.17,USD,Repurpose turn-key action-items
INV-2024-00073,Carney-Santos,2026-04-05,2026-05-05,8379.38,USD,Aggregate dot-com paradigms
INV-2024-00033,Derek Zuniga,2026-06-12,2026-07-12,9204.3,USD,Re-contextualize intuitive synergies
INV-2024-00090,Gina Carter,2025-09-03,2025-10-03,2457.13,USD,Integrate interactive info-mediaries
INV-2024-00004,Valerie Gill,2025-10-15,2025-12-14,9163.23,USD,Drive collaborative action-items
INV-2024-00076,Anderson Group,2026-02-08,2026-03-10,2571.31,USD,Optimize open-source e-business
INV-2024-00077,Melissa Marquez,2025-12-24,2026-01-08,3665.02,USD,Repurpose 24/7 content
INV-2024-00012,"Yang, Gardner and Garza",2025-12-11,2026-01-25,719.6,USD,Target interactive partnerships
INV-2024-00031,Melissa Marquez,2025-12-06,2026-02-04,2745.61,USD,Strategize end-to-end web services
INV-2024-00055,Donald Booth,2026-01-10,2026-02-09,2623.69,USD,Architect interactive web services
INV-2024-00088,Joel Nelson,2026-07-08,2026-09-06,5778.67,USD,Engineer web-enabled methodologies
INV-2024-00026,Terri Frazier,2026-04-13,2026-04-28,9207.01,USD,Optimize web-enabled interfaces
INV-2024-00042,Aaron Bowen,2025-10-08,2025-11-22,8882.97,USD,Matrix sticky schemas
INV-2024-00069,"Montgomery, Hensley and Ray",2025-10-08,2025-11-07,6352.52,USD,Matrix back-end roi
INV-2024-00015,Gina Carter,2026-06-13,2026-08-12,2346.32,USD,Iterate web-enabled communities
INV-2024-00040,Gina Carter,2026-07-08,2026-08-07,5520.79,USD,Engage seamless web services
INV-2024-00096,Joel Nelson,2026-07-03,2026-09-01,6638.62,USD,Scale plug-and-play markets
INV-2024-00009,Aaron Bowen,2026-01-28,2026-02-27,5610.76,USD,Drive cross-platform platforms
INV-2024-00072,Bobby Hall,2026-02-10,2026-03-12,9275.15,USD,Expedite one-to-one architectures
INV-2024-00011,Johnson and Sons,2026-02-15,2026-03-17,686.93,USD,Enable cutting-edge roi
INV-2024-00047,Ashley Garrett,2026-04-28,2026-05-13,742.31,USD,Brand efficient paradigms
INV-2024-00085,Wolfe LLC,2026-02-12,2026-03-29,1737.47,USD,Grow killer mindshare
INV-2024-00028,Brittany Moore,2026-04-12,2026-06-11,2069.91,USD,Integrate strategic e-markets
INV-2024-00093,Lance Hoffman,2026-03-04,2026-04-18,5938.82,USD,Strategize interactive eyeballs
INV-2024-00005,Terri Frazier,2026-06-25,2026-07-25,6787.37,USD,Syndicate transparent solutions
INV-2024-00066,Davis Inc,2025-12-30,2026-02-28,1254.36,USD,Empower innovative niches
INV-2024-00065,Austin Smith,2025-09-03,2025-10-18,5554.72,USD,Repurpose dynamic interfaces
INV-2024-00035,Johnson and Sons,2026-03-21,2026-04-05,5570.48,USD,Architect back-end channels
INV-2024-00016,Brenda Snyder PhD,2026-01-29,2026-03-30,1849.37,USD,Synthesize compelling e-tailers
INV-2024-00049,Randy Brown,2025-12-04,2025-12-19,8359.1,USD,Leverage visionary schemas
INV-2024-00034,Aaron Bowen,2026-02-18,2026-03-05,7118.37,USD,Re-intermediate mission-critical partnerships
INV-2024-00007,Julie King,2026-02-05,2026-04-06,1193.49,USD,Deploy plug-and-play markets
INV-2024-00095,"Jones, Reid and Ferguson",2026-06-23,2026-08-07,6352.14,USD,Brand magnetic roi
INV-2024-00027,Carmen Rose,2025-10-10,2025-11-09,1621.64,USD,Matrix interactive applications
INV-2024-00019,Johnson and Sons,2026-06-25,2026-07-10,622.79,USD,Generate ubiquitous technologies
INV-2024-00081,"Sellers, George and Burns",2026-01-19,2026-02-18,3815.5,USD,Innovate virtual e-business
INV-2024-00025,Leah Smith,2026-03-10,2026-03-25,528.06,USD,Evolve viral partnerships
INV-2024-00062,Stephen Potter,2025-09-09,2025-11-08,5350.57,USD,Iterate collaborative e-services
INV-2024-00013,Bobby Hall,2026-02-13,2026-03-30,6371.84,USD,Exploit mission-critical markets
INV-2024-00024,Lance Hoffman,2026-07-22,2026-09-20,7685.81,USD,Mesh granular markets
INV-2024-00003,Brenda Snyder PhD,2026-05-11,2026-06-10,2554.79,USD,Synthesize killer users
INV-2024-00017,Donald Booth,2026-07-26,2026-09-24,3398.11,USD,Strategize leading-edge communities
INV-2024-00038,Lance Hoffman,2026-07-14,2026-07-29,6430.76,USD,Incubate seamless e-business
INV-2024-00008,Amber Perez,2026-05-13,2026-05-28,3244.91,USD,Visualize mission-critical markets
INV-2024-00078,"Yang, Gardner and Garza",2026-03-09,2026-05-08,2152.0,USD,Monetize transparent vortals
INV-2024-00006,Emily Rios,2025-09-30,2025-11-14,4190.05,USD,Transform user-centric convergence
INV-2024-00064,Brown PLC,2025-12-21,2026-01-20,5205.83,USD,Transition bleeding-edge e-services
INV-2024-00036,Linda Cruz,2026-01-07,2026-02-06,587.51,USD,Matrix innovative action-items
INV-2024-00089,Linda Cruz,2025-12-23,2026-01-07,3690.1,USD,Enhance 24/365 eyeballs
INV-2024-00056,Valerie Gill,2025-10-03,2025-11-02,6831.44,USD,Seize transparent e-business
INV-2024-00099,Monica Herrera,2026-03-19,2026-05-03,3887.41,USD,Engage turn-key systems
INV-2024-00054,Donald Booth,2025-09-10,2025-10-10,2549.2,USD,Monetize bricks-and-clicks paradigms
INV-2024-00043,"Montgomery, Hensley and Ray",2025-10-24,2025-12-08,2305.58,USD,Empower front-end metrics
INV-2024-00050,Trujillo Group,2026-05-26,2026-07-10,1540.71,USD,Brand value-added initiatives
INV-2024-00067,"Jones, Reid and Ferguson",2026-01-08,2026-02-22,8545.38,USD,Visualize wireless methodologies
INV-2024-00046,Carmen Rose,2026-03-02,2026-03-17,138.03,USD,Morph scalable infrastructures
INV-2024-00068,Melissa Marquez,2026-07-18,2026-08-02,8544.84,USD,Incubate open-source web-readiness
INV-2024-00061,James Group,2025-10-25,2025-11-24,7054.63,USD,Generate sticky architectures
INV-2024-00097,Stephen Potter,2026-03-29,2026-04-28,1862.89,USD,Incentivize 24/7 bandwidth
INV-2024-00079,Lam-Hayes,2026-01-28,2026-03-29,3354.27,USD,Scale distributed schemas
INV-2024-00041,"Yang, Gardner and Garza",2025-10-04,2025-10-19,4011.68,USD,Matrix global portals
INV-2024-00058,James Group,2026-07-01,2026-07-16,922.22,USD,Exploit virtual e-markets
INV-2024-00048,"Montgomery, Hensley and Ray",2025-08-26,2025-10-10,1301.71,USD,Facilitate end-to-end functionalities
INV-2024-00098,"Sellers, George and Burns",2025-10-15,2025-12-14,6450.65,USD,Exploit plug-and-play web services
INV-2024-00057,"Montgomery, Hensley and Ray",2026-06-12,2026-07-27,4826.12,USD,Orchestrate web-enabled communities
INV-2024-00075,Melissa Robinson,2026-07-04,2026-09-02,7631.12,USD,Incubate 24/365 relationships
INV-2024-00032,Brown PLC,2026-05-02,2026-07-01,1512.83,USD,Monetize ubiquitous vortals
INV-2024-00094,"Sellers, George and Burns",2026-05-06,2026-05-21,6851.68,USD,Scale clicks-and-mortar platforms
INV-2024-00059,Baker and Sons,2025-09-03,2025-10-18,466.62,USD,Reinvent open-source e-markets
INV-2024-00063,Wolfe LLC,2025-11-10,2025-11-25,8980.73,USD,Transition ubiquitous convergence
INV-2024-00084,Emily Rios,2025-11-14,2025-12-29,8925.79,USD,Brand world-class bandwidth
INV-2024-00037,Linda Cruz,2026-01-15,2026-01-30,8095.19,USD,Envisioneer granular systems
INV-2024-00029,Emily Rios,2026-05-07,2026-05-22,1605.82,USD,Benchmark turn-key portals
INV-2024-00001,Brittany Moore,2025-09-20,2025-10-05,9291.95,USD,Productize robust supply-chains
INV-2024-00052,Carney-Santos,2025-09-07,2025-09-22,6361.31,USD,E-enable out-of-the-box applications
INV-2024-00021,Donald Booth,2025-11-06,2025-12-06,1860.53,USD,Envisioneer killer markets
INV-2024-00002,Terri Frazier,2025-09-21,2025-10-21,1263.3,USD,Deliver web-enabled niches
INV-2024-00023,Monica Herrera,2025-09-16,2025-10-31,4421.84,USD,Streamline compelling mindshare
INV-2024-00087,Baker and Sons,2025-09-26,2025-11-10,6934.75,USD,Envisioneer open-source infrastructures
INV-2024-00091,Miller Group,2026-04-19,2026-06-18,65.98,USD,Iterate intuitive bandwidth
INV-2024-00074,Taylor Inc,2026-05-27,2026-06-26,7010.53,USD,Brand clicks-and-mortar deliverables
INV-2024-00086,James Group,2026-02-24,2026-03-11,1074.4,USD,Generate frictionless web services
INV-2024-00082,Holly Wood,2026-04-03,2026-04-18,9187.1,USD,Monetize wireless schemas
INV-2024-00020,Spence PLC,2026-02-05,2026-03-22,7615.6,USD,Scale holistic eyeballs
INV-2024-00060,Melissa Robinson,2026-07-02,2026-08-01,6070.72,USD,Repurpose interactive niches
INV-2024-00071,Anderson Group,2026-04-13,2026-05-13,8798.47,USD,Brand cross-media vortals
INV-2024-00014,"Montgomery, Hensley and Ray",2026-05-05,2026-06-04,6885.68,USD,Incubate value-added infrastructures
INV-2024-00092,Carney-Santos,2026-02-01,2026-03-03,3491.89,USD,Matrix dynamic architectures
INV-2024-00051,Austin Smith,2025-09-23,2025-11-07,5830.35,USD,Matrix b2c users
