payment_id,payer_name,payment_date,amount,currency,method,reference_note
PMT-100018,Donald Booth,2026-09-25,3398.11,USD,Wire,Wear current
PMT-100042,"Yang, Gardner and Garza",2025-10-10,1326.25,USD,PayPal,Describe machine right
PMT-100036,Linda Cruz,2026-02-09,587.51,USD,Wire,Major serve real position
PMT-100076,Austin  Smith,2025-10-19,5554.72,USD,Credit Card,Service data near until
PMT-100053,"Montgomery, Hensley and Ray",2025-10-14,487.2,USD,Wire,Difficult mission late kind team
PMT-100091,Lam-Hayes,2026-05-30,3354.27,USD,Wire,Them key
PMT-100056,Trujillo Group,2026-07-16,1540.71,USD,PayPal,Community avoid able
PMT-100123,Austin Smith,2026-08-25,792.59,USD,Wire,Forget challenge too
PMT-100093,"Sellers, George and Burns",2026-02-17,3815.5,USD,Check,Light wide
PMT-100004,Valerie Gill,2025-12-11,9163.23,USD,Wire,From throw ball
PMT-100027,Carmen Rose,2025-11-08,1621.64,USD,PayPal,Attention positive actually information
PMT-100116,Melissa Robinson,2026-08-25,1420.21,USD,Check,Sound life away senior
PMT-100044,Aaron Bowen,2025-11-17,8882.97,USD,Credit Card,Add move ever
PMT-100096,Emily Rios,2025-12-30,8925.79,USD,ACH,Pay doctor
PMT-100019,Wilkerson-Day,2026-03-17,8213.26,USD,ACH,Perform draw
PMT-100077,Davis Inc,2026-02-19,385.19,USD,Wire,Thing machine ahead picture
PMT-100010,Allison Hill,2026-02-02,6739.1,USD,Credit Card,Section national owner determine detail
PMT-100101,Joel Nelson,2026-10-22,5778.67,USD,Check,Grow issue each
PMT-100011,Johnson and Sons,2026-03-18,686.93,USD,Wire,Magazine home protect something
PMT-100114,Monica Herrera,2026-05-04,3887.41,USD,PayPal,Pick tough position
PMT-100047,Emily Rios,2025-12-12,6397.47,USD,PayPal,Off light
PMT-100078,Davis Inc,2026-02-27,503.24,USD,Credit Card,Report financial add
PMT-100000,Bobby Hall,2026-06-12,859.43,USD,Credit Card,Spring throughout interview trade knowledge
PMT-100026,Terri Frazier,2026-07-11,9207.01,USD,PayPal,South someone not American mouth
PMT-100031,Melissa Marquez & Co.,2026-02-01,2745.61,USD,Check,Itself room environmental system
PMT-100067,Baker and Sons,2025-10-18,200.73,USD,Wire,Like prepare trouble
PMT-100012,"Yang, Gardner and Garza",2026-01-26,719.6,USD,ACH,Subject try wonder
PMT-100024,Lance  Hoffman,2026-09-21,7685.81,USD,PayPal,Away real physical
PMT-100045,Aaron Bowen,2025-11-18,8882.97,USD,Credit Card,Network recently
PMT-100108,Joel Nelson,2026-08-25,2264.23,USD,Check,High grow fast
PMT-100089,Melissa Marquez,2026-01-08,3665.02,USD,Check,History professional star wonder
PMT-100073,Wolfe LLC,2025-11-26,8980.73,USD,Wire,Break significant ten stay
PMT-100064,Valerie Gill,2025-11-02,6831.44,USD,Check,Music just our threat
PMT-100015,Gina Carter,2026-08-14,2346.32,USD,Check,Deep force seven here
PMT-100112,"Sellers, George and Burns",2025-12-17,6450.65,USD,Credit Card,Simply discover soon
PMT-100022,Terri Frazier,2026-06-03,1374.72,USD,Wire,Who blue agent
PMT-100040,Bobby Hall,2026-09-01,1182.93,USD,Check,Edge building court
PMT-100081,"Montgomery, Hensley and Ray",2025-11-05,6352.52,USD,Check,Meeting event strong
PMT-100085,carney-santos,2026-05-07,8379.38,USD,Credit Card,Study oil process
PMT-100030,Allison Hill,2026-03-03,2556.17,USD,Wire,Pattern try simple
PMT-100094,Holly Wood,2026-04-17,9187.1,USD,PayPal,Perhaps however bag forget
PMT-100055,Trujillo Group,2026-07-12,1540.71,USD,PayPal,Personal enough ball
PMT-100009,Aaron Bowen,2026-02-27,5610.76,USD,ACH,Fear hope through structure
PMT-100033,Brown PLC,2026-07-14,612.95,USD,Credit Card,Now property from management
PMT-100062,Donald Booth,2025-10-15,2549.2,USD,Credit Card,Organization station TV
PMT-100025,leah smith,2026-03-23,528.06,USD,Check,Recent feeling
PMT-100119,Wolfe LLC,2026-08-25,2976.67,USD,Wire,Bring animal also you
PMT-100028,Brittany Moore,2026-06-10,2069.91,USD,Wire,Black whether player stock
PMT-100066,James Group,2026-07-16,922.22,USD,ACH,Onto again share start office
PMT-100122,Valerie Gill,2026-08-25,1146.33,USD,ACH,Politics others again
PMT-100005,Terri Frazier,2026-07-23,6787.37,USD,Check,Discuss really relationship
PMT-100065,"Montgomery, Hensley and Ray",2026-09-17,4826.12,USD,Check,Page ago director purpose
PMT-100070,James Group,2025-11-26,7054.63,USD,Wire,Prove tax form really
PMT-100039,Lance Hoffman,2026-07-29,6430.76,USD,PayPal,Gas you nearly goal law
PMT-100049,Carmen Rose,2026-03-12,138.03,USD,Credit Card,State husband
PMT-100035,Linda Cruz,2026-02-07,587.51,USD,Wire,Red everybody act way beat
PMT-100016,Brenda Snyder PhD,2026-03-27,774.63,USD,Check,Edge bank affect much
PMT-100068,Baker and Sons,2025-11-03,164.36,USD,ACH,Young job sport
PMT-100034,Derek Zuniga,2026-07-12,9204.3,USD,Credit Card,Consider deep something future
PMT-100115,Randy Brown,2026-08-25,1713.51,USD,PayPal,Customer skill theory
PMT-100007,Julie King,2026-05-29,1193.49,USD,PayPal,Indeed deal information toward
PMT-100118,Wolfe LLC,2026-08-25,2890.71,USD,Credit Card,Push likely
PMT-100043,"Yang, Gardner and Garza",2025-10-15,1448.94,USD,Check,Others wonder strategy fast guess
PMT-100095,Holly Wood,2026-08-28,6112.0,USD,Credit Card,Here first responsibility service their
PMT-100069,Melissa Robinson,2026-07-29,6070.72,USD,ACH,Like impact
PMT-100100,Baker and Sons,2025-11-10,2449.96,USD,Credit Card,Animal someone
PMT-100105,Lance Hoffman,2026-04-16,5938.82,USD,Wire,Top quality citizen kid
PMT-100008,Amber Perez,2026-05-25,3244.91,USD,PayPal,Watch affect thing offer local
PMT-100013,Bobby Hall,2026-04-01,6371.84,USD,Wire,Agree hour north agree poor
PMT-100109,Joel Nelson,2026-09-14,2789.13,USD,ACH,Against stop how
PMT-100003,BRENDA SNYDER PHD,2026-06-08,2554.79,USD,Check,Phone ever back experience
PMT-100017,Brenda Snyder PhD,2026-04-13,698.19,USD,Check,Difference attention whatever American
PMT-100038,Linda Cruz,2026-02-03,3707.33,USD,Check,Fill ok list
PMT-100072,Stephen Potter,2025-11-06,5350.57,USD,Wire,Lawyer fire
PMT-100097,Wolfe LLC,2026-03-29,1737.47,USD,Check,Young section its
PMT-100006,"Rios, Emily",2025-11-11,4190.05,USD,ACH,Increase former
PMT-100080,Melissa Marquez,2026-08-04,8544.84,USD,Credit Card,Positive child usually
PMT-100107,"Jones, Reid and Ferguson",2026-10-07,6352.14,USD,Check,Suddenly current his low
PMT-100110,Stephen Potter,2026-04-30,1862.89,USD,Credit Card,Not rate
PMT-100054,Randy Brown,2025-12-17,8359.1,USD,PayPal,Figure perform participant science
PMT-100050,Carmen Rose,2026-03-14,138.03,USD,Check,Officer rather
PMT-100083,Anedrson Group,2026-05-15,8798.47,USD,Credit Card,Second carry attorney significant take
PMT-100046,"Montgomery, Hensley and Ray",2025-12-07,2305.58,USD,Check,Point sell bill
PMT-100084,B. Hall,2026-03-09,9275.15,USD,PayPal,Various meet star executive
PMT-100061,Donald Booth,2025-10-12,2549.2,USD,Check,Step author coach
PMT-100121,Holly Wood,2026-08-25,2903.85,USD,PayPal,Between rate name within
PMT-100079,"Jones, Reid and Ferguson",2026-04-04,8545.38,USD,PayPal,Behavior yeah tree left
PMT-100098,James Group,2026-03-12,1074.4,USD,Check,Set region
PMT-100041,Gina Carter,2026-08-09,5520.79,USD,Wire,Sea week real
PMT-100058,Carney-Santos,2025-09-23,6361.31,USD,Check,Reflect law reach
PMT-100090,"Yang, Gardner and Garza",2026-05-05,2152.0,USD,Wire,Who call whole forward
PMT-100048,"Jones, Reid and Ferguson",2026-07-15,3037.87,USD,Wire,Future whole education technology
PMT-100088,Anderson Group,2026-03-24,1133.95,USD,Check,Do simply analysis seat
PMT-100120,Miller-Carter,2026-08-25,881.21,USD,Check,Score choice increase between majority
PMT-100057,Austin Smith,2025-11-04,5830.35,USD,ACH,Ready like allow explain
PMT-100075,Brown PLC,2026-01-21,5205.83,USD,PayPal,Approach million performance material
PMT-100032,Brown PLC,2026-06-30,511.56,USD,Wire,Everything late
PMT-100117,Holly Wood,2026-08-25,1240.36,USD,Wire,So add
PMT-100059,Carney-Santos,2025-09-29,6361.31,USD,Wire,Skin person product
PMT-100063,Donald  Booth,2026-02-10,2623.69,USD,Credit Card,Buy read record wall
PMT-100104,Carney-Santos & Co.,2026-03-03,3491.89,USD,ACH,Point least project together
PMT-100037,Linda Cruz,2026-01-27,2803.16,USD,Check,Large admit family identify
PMT-100029,Emily  Rios,2026-05-19,1605.82,USD,Check,Itself safe whole
PMT-100111,"Sellers, George and Burns",2025-12-13,6450.65,USD,Wire,Treat seat
PMT-100001,Brittany Moore,2025-10-05,9291.95,USD,Wire,Season listen else
PMT-100052,"Montgomery, Hensley and Ray",2025-10-04,557.79,USD,Check,Budget share paper
PMT-100021,Donald  Booth,2025-12-07,1860.53,USD,ACH,Cold parent security boy
PMT-100002,Terri Frazier,2025-10-20,1263.3,USD,PayPal,Style everyone sing
PMT-100023,Monica Herrera,2025-11-02,4421.84,USD,Check,Office traditional heart
PMT-100103,Miller Group,2026-06-18,65.98,USD,Credit Card,People drive tree central
PMT-100099,Baker and Sons,2025-11-05,2803.37,USD,Check,Kitchen really
PMT-100087,Anderson Group,2026-03-04,763.97,USD,ACH,Help usually thank wonder draw
PMT-100113,Monica Herrera,2026-04-30,3887.41,USD,PayPal,Pm per question
PMT-100074,Brown PLC,2026-01-15,5205.83,USD,ACH,Price my
PMT-100086,Melissa Robinson,2026-10-11,7631.12,USD,PayPal,Land machine forward
PMT-100082,Randy Brown,2026-06-05,9252.76,USD,Wire,During necessary himself two
PMT-100124,Trujillo Group,2026-08-25,734.18,USD,ACH,Capital group
PMT-100020,Johnson S.,2026-07-12,622.79,USD,Wire,Prove nor design record
PMT-100060,Stephen Potter,2026-05-10,8855.09,USD,Wire,Interesting name positive
PMT-100071,James Group,2025-11-28,7054.63,USD,ACH,Production hundred set
PMT-100106,"Sellers, George and Burns",2026-05-23,6851.68,USD,Wire,Write federal while real
PMT-100014,"Montgomery, Hensley and Ray",2026-06-03,6885.68,USD,PayPal,Term consider employee
PMT-100092,Lam-Hayes & Co.,2025-11-09,2156.63,USD,PayPal,Treat address century that wide
PMT-100051,Ashley Garrett,2026-05-12,742.31,USD,ACH,Chance none fight
PMT-100102,Gina Carter,2025-10-04,2457.13,USD,Credit Card,Not society color bad
