settlement_id,payment_id,settlement_date,gross_amount,fee,settled_amount,status
STL-100018,PMT-100018,2026-09-27,3398.11,0.0,3398.11,settled
STL-100042,PMT-100042,2025-10-15,1326.25,45.09,1281.16,settled
STL-100036,PMT-100036,2026-02-10,587.51,0.0,587.51,settled
STL-100076,PMT-100076,2025-10-24,5554.72,161.09,5393.63,settled
STL-100053,PMT-100053,2025-10-16,487.2,0.0,487.2,settled
STL-100091,PMT-100091,2026-06-04,3354.27,0.0,3354.27,settled
STL-100056,PMT-100056,2026-07-18,1540.71,52.38,1488.33,settled
STL-100123,PMT-100123,2026-08-26,792.59,0.0,792.59,settled
STL-100093,PMT-100093,2026-02-20,3815.5,0.0,3815.5,settled
STL-100004,PMT-100004,2025-12-14,9163.23,0.0,9163.23,settled
STL-100027,PMT-100027,2025-11-09,1621.64,55.14,1566.5,settled
STL-100116,PMT-100116,2026-08-30,1420.21,0.0,1420.21,settled
STL-100044,PMT-100044,2025-11-18,8882.97,257.61,8625.36,settled
STL-100096,PMT-100096,2025-12-31,8925.79,71.41,8854.38,settled
STL-100019,PMT-100019,2026-03-22,8213.26,65.71,8147.55,settled
STL-100077,PMT-100077,2026-02-22,385.19,0.0,385.19,settled
STL-100010,PMT-100010,2026-02-07,6739.1,195.43,6543.67,settled
STL-100101,PMT-100101,2026-10-23,5778.67,0.0,5778.67,settled
STL-100011,PMT-100011,2026-03-23,686.93,,,pending
STL-100114,PMT-100114,2026-05-07,3887.41,132.17,3755.24,settled
STL-100047,PMT-100047,2025-12-14,6397.47,217.51,6179.96,settled
STL-100078,PMT-100078,2026-03-01,503.24,14.59,488.65,settled
STL-100000,PMT-100000,2026-06-15,859.43,24.92,834.51,settled
STL-100026,PMT-100026,2026-07-16,9207.01,313.04,8893.97,settled
STL-100031,PMT-100031,2026-02-03,2745.61,0.0,2745.61,settled
STL-100067,PMT-100067,2025-10-21,200.73,0.0,200.73,settled
STL-100012,PMT-100012,2026-01-28,719.6,,,pending
STL-100024,PMT-100024,2026-09-23,7685.81,,,pending
STL-100045,PMT-100045,2025-11-23,8882.97,257.61,8625.36,settled
STL-100108,PMT-100108,2026-08-28,2264.23,0.0,2264.23,settled
STL-100089,PMT-100089,2026-01-10,3665.02,0.0,0.0,failed
STL-100073,PMT-100073,2025-11-27,8980.73,0.0,8980.73,settled
STL-100064,PMT-100064,2025-11-07,6831.44,0.0,6831.44,settled
STL-100015,PMT-100015,2026-08-16,2346.32,0.0,2346.32,settled
STL-100112,PMT-100112,2025-12-19,6450.65,187.07,6263.58,settled
STL-100022,PMT-100022,2026-06-04,1374.72,0.0,1374.72,settled
STL-100040,PMT-100040,2026-09-03,1182.93,0.0,1182.93,settled
STL-100081,PMT-100081,2025-11-08,6352.52,0.0,6352.52,settled
STL-100085,PMT-100085,2026-05-10,8379.38,243.0,8136.38,settled
STL-100030,PMT-100030,2026-03-04,2556.17,0.0,0.0,failed
STL-100094,PMT-100094,2026-04-19,9187.1,312.36,8874.74,settled
STL-100055,PMT-100055,2026-07-15,1540.71,52.38,1488.33,settled
STL-100009,PMT-100009,2026-02-27,5610.76,44.89,5565.87,settled
STL-100033,PMT-100033,2026-07-15,612.95,17.78,595.17,settled
STL-100062,PMT-100062,2025-10-16,2549.2,73.93,2475.27,settled
STL-100025,PMT-100025,2026-03-26,528.06,0.0,528.06,settled
STL-100119,PMT-100119,2026-08-27,2976.67,0.0,2976.67,settled
STL-100028,PMT-100028,2026-06-10,2069.91,0.0,2069.91,settled
STL-100066,PMT-100066,2026-07-18,922.22,7.38,914.84,settled
STL-100122,PMT-100122,2026-08-27,1146.33,9.17,1137.16,settled
STL-100005,PMT-100005,2026-07-25,6787.37,0.0,6787.37,settled
STL-100065,PMT-100065,2026-09-17,4826.12,0.0,4826.12,settled
STL-100070,PMT-100070,2025-11-29,7054.63,0.0,7054.63,settled
STL-100039,PMT-100039,2026-07-30,6430.76,218.65,6212.11,settled
STL-100049,PMT-100049,2026-03-13,138.03,4.0,134.03,settled
STL-100035,PMT-100035,2026-02-09,587.51,,,pending
STL-100016,PMT-100016,2026-03-27,774.63,0.0,774.63,settled
STL-100068,PMT-100068,2025-11-04,164.36,1.31,163.05,settled
STL-100034,PMT-100034,2026-07-13,9204.3,266.92,8937.38,settled
STL-100115,PMT-100115,2026-08-27,1713.51,58.26,1655.25,settled
STL-100007,PMT-100007,2026-05-31,1193.49,40.58,1152.91,settled
STL-100118,PMT-100118,2026-08-28,2890.71,83.83,2806.88,settled
STL-100043,PMT-100043,2025-10-15,1448.94,0.0,1448.94,settled
STL-100095,PMT-100095,2026-08-29,6112.0,177.25,5934.75,settled
STL-100069,PMT-100069,2026-08-01,6070.72,48.57,6022.15,settled
STL-100100,PMT-100100,2025-11-12,2449.96,71.05,2378.91,settled
STL-100105,PMT-100105,2026-04-21,5938.82,0.0,0.0,failed
STL-100008,PMT-100008,2026-05-26,3244.91,110.33,3134.58,settled
STL-100013,PMT-100013,2026-04-04,6371.84,0.0,6371.84,settled
STL-100109,PMT-100109,2026-09-15,2789.13,22.31,2766.82,settled
STL-100003,PMT-100003,2026-06-11,2554.79,0.0,2554.79,settled
STL-100017,PMT-100017,2026-04-13,698.19,0.0,698.19,settled
STL-100038,PMT-100038,2026-02-05,3707.33,0.0,3707.33,settled
STL-100072,PMT-100072,2025-11-06,5350.57,0.0,5350.57,settled
STL-100097,PMT-100097,2026-03-31,1737.47,0.0,1737.47,settled
STL-100006,PMT-100006,2025-11-11,4190.05,33.52,4156.53,settled
STL-100080,PMT-100080,2026-08-06,8544.84,247.8,8297.04,settled
STL-100107,PMT-100107,2026-10-09,6352.14,0.0,6352.14,settled
STL-100110,PMT-100110,2026-05-02,1862.89,54.02,1808.87,settled
STL-100054,PMT-100054,2025-12-17,8359.1,284.21,8074.89,settled
STL-100050,PMT-100050,2026-03-16,138.03,0.0,138.03,settled
STL-100083,PMT-100083,2026-05-17,8798.47,255.16,8543.31,settled
STL-100046,PMT-100046,2025-12-08,2305.58,0.0,2305.58,settled
STL-100084,PMT-100084,2026-03-10,9275.15,315.36,8959.79,settled
STL-100061,PMT-100061,2025-10-14,2549.2,0.0,2549.2,settled
STL-100121,PMT-100121,2026-08-28,2903.85,98.73,2805.12,settled
STL-100079,PMT-100079,2026-04-05,8545.38,290.54,8254.84,settled
STL-100098,PMT-100098,2026-03-13,1074.4,0.0,1074.4,settled
STL-100041,PMT-100041,2026-08-10,5520.79,0.0,5520.79,settled
STL-100058,PMT-100058,2025-09-26,6361.31,0.0,6361.31,settled
STL-100090,PMT-100090,2026-05-07,2152.0,0.0,2152.0,settled
STL-100048,PMT-100048,2026-07-18,3037.87,0.0,3037.87,settled
STL-100088,PMT-100088,2026-03-27,1133.95,0.0,1133.95,settled
STL-100120,PMT-100120,2026-08-28,881.21,0.0,881.21,settled
STL-100057,PMT-100057,2025-11-04,5830.35,46.64,5783.71,settled
STL-100075,PMT-100075,2026-01-23,5205.83,177.0,5028.83,settled
STL-100032,PMT-100032,2026-07-02,511.56,0.0,511.56,settled
STL-100117,PMT-100117,2026-08-26,1240.36,0.0,1240.36,settled
STL-100059,PMT-100059,2025-10-01,6361.31,,,pending
STL-100063,PMT-100063,2026-02-12,2623.69,76.09,2547.6,settled
STL-100104,PMT-100104,2026-03-08,3491.89,27.94,3463.95,settled
STL-100037,PMT-100037,2026-02-01,2803.16,0.0,2803.16,settled
STL-100029,PMT-100029,2026-05-20,1605.82,0.0,1605.82,settled
STL-100111,PMT-100111,2025-12-15,6450.65,0.0,6450.65,settled
STL-100001,PMT-100001,2025-10-06,9291.95,,,pending
STL-100052,PMT-100052,2025-10-06,557.79,0.0,557.79,settled
STL-100021,PMT-100021,2025-12-09,1860.53,14.88,1845.65,settled
STL-100002,PMT-100002,2025-10-20,1263.3,42.95,1220.35,settled
STL-100023,PMT-100023,2025-11-04,4421.84,0.0,4421.84,settled
STL-100103,PMT-100103,2026-06-23,65.98,1.91,64.07,settled
STL-100099,PMT-100099,2025-11-06,2803.37,0.0,2803.37,settled
STL-100087,PMT-100087,2026-03-06,763.97,6.11,757.86,settled
STL-100113,PMT-100113,2026-05-01,3887.41,132.17,3755.24,settled
STL-100074,PMT-100074,2026-01-15,5205.83,41.65,5164.18,settled
STL-100086,PMT-100086,2026-10-11,7631.12,259.46,7371.66,settled
STL-100082,PMT-100082,2026-06-05,9252.76,0.0,9252.76,settled
STL-100124,PMT-100124,2026-08-27,734.18,5.87,728.31,settled
STL-100020,PMT-100020,2026-07-17,622.79,0.0,622.79,settled
STL-100060,PMT-100060,2026-05-15,8855.09,0.0,8855.09,settled
STL-100071,PMT-100071,2025-12-03,7054.63,56.44,6998.19,settled
STL-100106,PMT-100106,2026-05-26,6851.68,0.0,6851.68,settled
STL-100014,PMT-100014,2026-06-04,6885.68,234.11,6651.57,settled
STL-100092,PMT-100092,2025-11-11,2156.63,73.33,2083.3,settled
STL-100051,PMT-100051,2026-05-14,742.31,0.0,0.0,failed
STL-100102,PMT-100102,2025-10-05,2457.13,71.26,2385.87,settled
